user,item,rating,prediction
28,1,0.98,1.7841341991341992
28,2,2.54,3.1023809523809525
28,3,2.0,2.041127346096096
28,4,2.65,2.2036273460960962
28,5,2.08,1.9220935623123123
31,6,1.75,2.507283397619344
31,7,2.36,2.022084111445205
31,8,1.2,2.0518803418803415
31,9,2.28,2.6715755679890987
31,10,1.61,1.7531578947368422
30,11,1.9,1.9329374374374373
30,12,2.25,2.020437437437437
30,13,1.53,2.0694693200663354
30,14,1.14,1.7429374374374373
30,15,1.78,1.9029374374374375
30,16,2.28,1.965248248248248
32,17,1.82,2.0300593093093093
32,18,2.2,2.575421539860762
32,19,2.1,2.307803652968037
32,20,1.78,2.0200593093093095
32,9,2.7,2.4291557017543863
35,21,2.46,2.011571677927928
35,22,1.8,2.6630020560541037
35,23,1.92,3.071247055477136
35,24,2.03,2.883094182217305
35,25,1.69,1.8190716779279281
42,6,1.92,2.316072874493927
42,26,1.85,2.419568965517241
42,27,1.86,1.9791829021568155
42,28,2.6,2.659666666666667
42,29,1.71,2.088
47,30,2.23,2.127047297297297
47,31,2.17,2.21
47,32,2.37,2.1620472972972973
49,33,3.43,2.8904202702702704
47,34,1.19,1.8670472972972976
49,35,3.11,2.8104202702702703
47,36,2.07,2.087047297297297
49,37,3.02,2.7879202702702703
49,38,2.86,2.7479202702702703
47,39,2.37,2.33
49,40,2.75,2.72042027027027
52,28,2.51,2.887142857142857
52,41,1.93,2.092880027853941
52,42,2.17,2.693804435810264
52,43,2.1,2.132857142857143
52,6,2.31,2.366842105263158
53,44,2.11,2.085757616707617
53,45,2.45,2.170757616707617
53,18,2.28,3.17
53,46,1.77,2.8513504103216833
53,47,2.18,3.2675
54,28,2.12,3.347142857142857
54,46,2.04,2.2650626710602033
54,22,2.67,2.425446998722861
54,6,1.96,2.716068111455108
54,48,1.95,1.92
40,49,1.15,1.9521388513513513
40,50,2.2,2.5058333333333334
40,51,2.49,2.62359477124183
40,52,2.71,2.3421388513513515
40,53,2.57,1.6199999999999999
57,54,2.63,2.1395890726861317
57,55,2.37,2.4869340277777776
57,56,1.97,2.115
57,57,1.5,1.8570890726861315
57,58,1.9,2.2155586080586085
59,59,2.77,2.3614746811746814
59,60,2.14,1.9756306657306657
59,61,2.2,2.2234746811746815
59,62,1.98,2.0690881946881947
59,63,2.3,2.149088194688195
59,53,2.11,2.059621212121212
59,64,2.04,2.084088194688195
60,46,1.87,2.9792592592592593
60,65,2.02,2.095655558968059
60,18,2.2,2.2
60,66,2.64,2.8071428571428574
60,28,2.56,2.392857142857143
61,67,1.84,1.8787500000000001
61,68,1.74,1.9124244802494805
61,69,2.38,2.0724244802494804
61,70,1.23,1.19125
61,71,2.18,2.6385538096750873
62,72,2.66,2.0297195673934803
62,73,1.66,1.7797195673934807
62,6,1.33,2.2329576991545377
62,2,2.2,2.5367482236395653
62,9,1.52,2.1084424663467343
57,9,1.97,2.2415686274509805
58,74,2.16,2.1959845345345346
58,9,2.26,2.0478787878787883
62,75,1.67,1.7822195673934806
58,76,2.34,2.0440855366468313
58,77,2.09,2.35900524532412
58,78,2.5,2.2809845345345345
70,79,1.62,1.849900337837838
71,18,2.08,2.763028534370947
71,80,2.42,2.5645344827586207
72,81,2.18,2.563055555555556
71,82,1.58,2.643333333333333
72,83,2.22,2.1414993243243243
71,84,1.84,1.9216779581444803
72,85,2.21,2.57
71,6,2.09,2.3687013515548387
72,86,2.51,2.9219005838821492
71,87,1.66,1.8766779581444801
72,88,1.97,2.110612837837838
73,89,1.97,1.9451157094594596
73,55,2.57,3.0018618617159696
73,90,1.82,2.2809257476080984
73,91,1.56,1.8426157094594595
73,92,1.52,1.8326157094594597
19,93,1.96,1.989862012012012
19,94,2.01,2.4812916666666673
19,95,1.92,2.4222083538587897
74,96,1.93,1.878946621621622
25,5,1.78,1.895525337837838
74,18,1.85,1.9550000000000005
75,97,1.94,1.924275337837838
74,24,2.1,1.9949999999999997
74,98,1.94,1.881446621621622
74,99,1.52,1.776446621621622
77,81,1.93,2.817182233754968
75,100,1.8,1.889275337837838
77,101,2.04,2.038702364864865
77,102,2.31,2.1062023648648647
75,103,1.8,1.889275337837838
75,104,1.8,1.889275337837838
75,105,1.8,1.889275337837838
77,83,1.95,2.052088851351351
77,85,2.0,2.851112378774407
79,106,2.49,2.187752638352639
79,107,1.9,2.0402526383526385
79,108,1.64,1.9752526383526383
79,109,2.18,1.9706391248391248
79,110,2.54,2.3767951093951094
79,111,1.87,2.0327526383526386
81,112,1.87,1.7672270270270272
81,113,1.15,1.587227027027027
81,114,1.17,1.5922270270270271
81,115,1.53,1.7411135135135136
81,116,2.01,1.8022270270270273
82,70,1.41,1.5719999999999996
82,117,1.63,1.955106011781012
82,118,2.03,2.056961867636868
82,119,2.39,2.228
82,67,2.45,2.5505198274084666
83,120,1.3,1.5622790540540543
83,121,1.59,1.634779054054054
88,66,2.92,2.8749450549450546
88,122,2.72,2.853627669257557
88,123,2.17,2.9525290076098614
88,110,2.45,2.9574038161511296
88,124,1.51,1.925826794926795
88,67,1.85,2.405638367960288
88,125,1.67,2.9526868286946764
8,22,1.79,2.4714832832562705
8,126,2.02,2.9203333333333332
8,127,2.07,1.9522372482776895
8,128,1.85,1.7155854406696687
8,8,1.55,2.198563792386847
89,129,2.47,3.2675828486090586
89,130,2.27,2.6292470179416076
84,131,2.12,2.1441256756756757
84,132,1.73,2.0964364864864864
84,133,2.35,2.8000000000000003
84,134,2.21,2.1666256756756757
84,135,2.68,2.284125675675676
49,136,2.83,2.832306756756757
49,137,2.82,2.4499999999999997
49,138,2.83,2.7404202702702705
49,139,2.82,3.19
92,140,2.1,2.273252702702703
92,141,1.79,1.9492527027027027
92,142,2.23,2.1473662162162164
92,143,2.07,2.1073662162162163
92,144,2.65,2.2523662162162164
83,24,1.79,2.667068965517241
83,145,1.24,1.5472790540540542
70,146,1.49,1.817400337837838
70,147,2.13,1.977400337837838
83,148,1.58,1.2400000000000004
70,149,1.93,1.9274003378378382
70,150,2.03,1.952400337837838
95,151,2.56,2.299587837837838
95,152,1.98,2.1545878378378376
95,153,2.72,2.339587837837838
95,154,2.57,2.3020878378378375
95,155,1.66,2.074587837837838
78,156,1.59,1.7861591149973504
78,58,1.79,2.0474897986221516
78,51,1.98,2.7568888888888887
78,81,2.1,2.8979600115327457
78,157,1.3,1.7136591149973504
97,158,2.25,2.96
97,159,2.16,1.9995172887172887
97,39,1.7,3.0199999999999996
97,160,1.91,1.9736308022308022
97,161,2.31,2.0736308022308023
97,162,1.75,1.9336308022308024
39,163,1.78,1.849587837837838
39,164,2.16,1.9445878378378378
39,165,1.34,1.739587837837838
39,166,1.45,1.767087837837838
39,167,2.04,1.914587837837838
11,168,2.18,1.832692307692307
11,169,2.19,2.245
11,2,2.93,2.6955797261846035
11,58,1.85,2.595641025641026
11,170,2.28,2.3121329381360387
11,171,2.33,2.205998111276543
98,172,2.11,2.0814384759759763
98,53,2.2,2.3875
98,173,1.42,1.8301501876876878
98,174,1.48,1.8451501876876877
98,175,2.4,2.2125
55,77,2.05,1.8623820983404695
55,176,1.88,1.8483226119237393
55,177,2.22,2.009185872235872
55,178,1.9,1.9727993857493857
55,179,1.98,1.9927993857493858
55,180,1.64,1.9458333333333335
55,181,1.98,1.9927993857493858
102,182,2.04,2.013186003861004
102,183,1.94,1.9881860038610042
102,148,2.15,1.9385724903474906
102,184,1.59,1.900686003861004
102,158,2.22,3.0300000000000002
94,185,2.13,2.101150337837838
94,186,2.12,2.098650337837838
94,187,2.11,2.096150337837838
94,188,1.96,2.058650337837838
94,189,2.2,2.118650337837838
93,190,2.01,2.024275337837838
93,191,2.14,2.0567753378378377
93,192,1.95,2.009275337837838
93,193,1.84,1.9817753378378382
93,194,2.08,2.041775337837838
37,24,2.84,2.493594871873015
37,22,1.76,1.7503038979072303
37,195,1.5,1.5035714285714288
37,110,2.8,2.5776331370375365
37,125,2.22,2.7896549143160305
105,196,2.34,2.0289555743243244
105,53,1.68,1.4829266439073998
105,61,2.6,2.0933420608108113
105,197,1.63,2.783259259259259
68,198,1.47,1.5004505851770875
68,22,1.6,1.7629310344827591
68,199,2.3,1.927350168918919
68,200,1.58,1.747350168918919
68,201,1.74,1.6099420674054665
105,51,1.17,1.535001048729993
107,202,1.6,1.872543677606178
63,203,1.98,2.0149419844245138
63,204,2.05,2.081356054583996
63,205,2.47,2.186356054583996
63,206,2.17,2.370061945986844
63,195,1.26,1.9960714285714285
108,58,2.3,2.6691585138776848
110,18,2.38,2.4752832767280513
108,207,2.24,2.6716666666666673
110,208,1.49,1.85477240990991
108,22,2.27,2.5549413293570984
108,26,2.51,2.74109845096189
110,209,1.52,2.5910107714478126
111,210,2.6,2.417264478764479
110,211,2.3,2.05727240990991
110,212,2.09,2.0047724099099096
109,82,1.93,2.8693205944798303
111,197,2.12,2.157031119151143
111,213,2.17,2.309764478764479
111,207,2.37,2.6716666666666673
109,207,2.46,2.471666666666667
108,197,1.79,2.2464632923886527
111,214,2.93,2.793889601060824
109,215,1.33,1.6866666666666668
109,216,3.18,2.4097587033462036
111,22,2.57,2.476589334337836
109,24,2.53,3.1107294832405588
17,86,2.61,2.6925
17,56,1.95,1.8675000000000002
17,53,1.97,2.765277777777778
17,51,1.71,2.4896798094141004
17,58,2.11,2.640856601014527
15,217,1.59,2.3707862031057028
15,218,2.32,2.283594236914404
15,42,2.23,2.59661398467433
114,219,1.89,2.0012461711711715
85,220,2.24,2.240689671814672
13,221,2.08,2.074800675675676
114,1,1.8,1.5416666666666667
2,219,2.66,1.9364999999999999
114,222,1.8,2.0583333333333336
55,22,2.21,2.105931034482759
85,223,1.88,2.1506896718146717
114,224,1.8,1.9211322715572716
114,225,1.8,1.9211322715572716
2,226,2.33,2.4437872574254933
85,227,2.7,1.8774999999999997
85,228,2.41,2.2831896718146716
112,51,1.71,1.7081196581196583
85,229,2.13,2.2131896718146717
113,18,2.35,2.028
112,230,2.46,2.07634588963964
112,31,1.27,2.0913862906756124
113,231,2.04,1.9806670343137256
121,66,2.14,2.5592857142857146
121,232,2.12,1.7007142857142856
121,233,1.54,1.890533783783784
121,234,2.28,2.075533783783784
121,235,2.25,2.0489202702702705
104,129,2.44,3.1218843408143324
48,8,1.57,1.4974999999999994
48,158,2.26,2.3325000000000005
48,236,2.14,2.0972302904269817
48,237,1.89,2.0347302904269817
48,5,2.35,1.943196506643198
123,67,2.05,1.8658669674919672
123,238,1.86,1.847606052731053
123,46,1.47,1.805199418824419
123,239,1.38,1.7276060527310528
123,240,1.81,1.8351060527310528
122,241,2.16,2.1535756089422753
122,242,1.56,2.0035756089422754
122,243,1.93,2.0960756089422756
122,244,1.86,2.0785756089422756
122,175,2.07,1.911
122,71,2.09,1.9653091585227689
122,245,2.76,2.3035756089422756
122,246,1.66,2.0285756089422757
122,247,2.74,2.2985756089422757
122,248,2.13,2.1460756089422754
122,249,3.04,2.3735756089422755
122,176,2.11,2.069285714285714
122,250,2.09,2.136075608942275
122,251,2.58,2.2585756089422757
122,252,1.69,2.0360756089422756
76,253,1.79,1.879275337837838
76,254,1.65,1.8442753378378378
76,255,1.6,1.831775337837838
76,256,1.7,1.856775337837838
76,257,2.32,2.011775337837838
116,76,1.56,1.839013231981982
116,203,1.81,2.243333333333333
116,22,2.36,2.566195286195286
116,258,1.0,1.598369087837838
116,259,1.52,1.7283690878378382
67,47,2.03,3.0548790185964805
67,260,1.51,2.5212647057757565
67,50,1.94,2.717836617035928
67,261,1.37,1.6845358415233416
67,262,1.77,2.6959731527804673
50,263,1.47,1.7949191441441443
50,264,1.18,2.4
64,265,1.91,1.775
50,53,2.14,3.3698809523809525
50,266,1.98,3.3002649050874275
64,267,1.63,1.765
50,217,2.37,2.812580943662174
64,175,2.08,1.7491384830940306
64,195,1.1,1.1117021300890437
64,24,2.05,2.0935520640359044
128,268,2.68,2.983333333333334
128,269,2.43,2.3350396021021025
128,125,2.93,2.6266666666666665
128,270,2.27,2.2950396021021024
128,271,2.06,2.2425396021021022
26,272,1.75,1.7851372946475887
26,273,2.12,1.8776372946475888
26,274,2.06,1.4319999999999993
26,275,1.63,1.7551372946475887
26,195,1.58,1.344703272390037
26,276,1.44,1.6070237811340753
26,119,1.39,2.0180000000000007
26,277,1.32,1.6776372946475888
26,278,1.74,1.7826372946475888
129,279,1.81,1.9506343843843845
129,53,2.33,1.669621212121212
129,2,2.19,2.4795842372985666
129,28,2.17,2.0541578383354016
129,280,1.92,1.7076995817584408
132,281,2.21,2.132306606606607
132,9,2.33,2.2536325334375507
132,282,1.93,2.092306606606607
132,283,2.18,2.0156105122348986
132,284,1.81,1.7657520800417823
134,285,1.94,1.986150337837838
134,286,1.96,1.991150337837838
134,287,2.14,2.036150337837838
134,288,1.86,1.966150337837838
134,289,1.9,1.9761503378378378
117,290,2.13,2.970965207631874
117,66,2.43,3.53474025974026
117,291,2.09,2.2732142857142854
117,195,1.84,1.903571428571429
117,292,2.09,2.116428571428571
9,18,1.9,2.4606193938981806
9,195,1.44,1.8836389952891055
9,293,1.95,2.0069662758346585
9,294,1.76,1.8815797893481718
9,8,1.75,2.287
113,8,1.4,1.9785312852765682
113,126,2.03,2.622800752792618
113,172,1.97,2.5011022727272727
133,284,1.5,1.997483772762582
133,281,2.05,1.972462837837838
133,18,2.18,2.7565736040609137
133,282,2.13,1.932462837837838
133,283,1.42,2.0406956373782976
139,295,1.54,1.6383333333333332
139,296,2.53,2.6383333333333336
139,297,1.48,1.8292629343629343
139,128,2.19,2.081666666666666
139,298,1.41,1.3116666666666668
139,299,2.12,1.9892629343629344
140,300,2.08,2.223165033783784
140,28,2.51,2.704517710559257
140,301,2.54,2.338165033783784
140,29,2.24,1.99685764475048
140,126,2.48,2.6380088075786983
141,302,1.94,1.8722534909909911
141,128,1.92,2.358735632183908
141,303,1.49,1.759753490990991
141,304,1.58,1.428792483485755
141,305,1.82,2.588735632183908
135,306,2.03,2.094900337837838
135,307,2.07,2.104900337837838
135,308,2.2,2.137400337837838
135,309,2.29,2.159900337837838
135,310,2.13,2.119900337837838
136,311,1.97,2.015212837837838
136,312,1.98,2.0177128378378377
136,313,1.85,1.985212837837838
136,314,2.24,2.082712837837838
136,315,1.99,2.0202128378378377
138,316,1.58,1.849369675032175
138,296,1.85,2.120454545454545
138,23,2.32,2.747091750841751
138,317,2.31,2.031869675032175
138,318,2.11,1.9818696750321751
146,141,1.56,1.2583398003449884
146,319,2.68,2.1468704391891893
146,5,1.15,1.7445000000000004
146,320,2.73,2.159370439189189
146,267,1.43,1.106230004655329
87,219,2.1,2.967215489266477
87,321,1.61,1.9048292310167312
87,13,1.41,2.237777777777778
87,322,2.44,2.1123292310167314
87,323,1.98,1.997329231016731
149,22,2.02,2.197883441767421
150,324,2.08,1.9962961771251355
150,325,1.24,1.7174798423423425
150,326,1.74,2.185547945205479
150,327,1.5,1.7824798423423425
150,328,1.92,1.8874798423423427
152,329,1.82,1.7930472078653195
152,67,2.03,2.7547500000000005
152,55,2.63,3.0952499999999996
152,90,1.99,2.518625
152,23,1.93,2.7735579100614696
45,19,1.87,2.655961839800573
45,330,1.66,1.846775536565978
45,18,2.18,2.7244136784455315
45,195,1.52,1.428841514308426
45,331,1.53,1.814275536565978
159,332,2.25,2.4990476190476194
159,66,2.46,2.320833333333333
159,217,2.25,2.1709523809523805
159,172,1.89,2.029166666666667
159,333,1.6,1.9268272522522525
112,334,1.53,2.2932545753928744
112,335,2.47,2.0684594031531534
160,336,1.92,1.7816666666666665
160,337,2.06,2.0234438063063065
160,338,1.43,2.058112582781457
160,295,2.0,2.178820987654321
160,339,2.21,2.366666666666667
162,340,1.48,2.0219444444444443
162,339,2.08,2.8266666666666675
162,338,1.73,1.8990816326530613
162,341,2.04,2.1274489795918363
162,342,1.74,1.8971426801801803
161,338,1.65,2.1866666666666665
161,339,2.19,2.826666666666667
161,340,1.61,2.0219444444444443
161,341,1.73,2.298333333333333
161,336,1.99,2.2416666666666667
20,343,2.46,2.9602000550389436
20,24,2.54,3.0352255975387243
20,18,2.67,3.001124870504601
20,47,2.5,3.1743500293380214
165,324,1.2,1.9633333333333336
165,344,1.77,2.1982527484739434
165,345,1.89,2.351791790493038
165,346,2.05,2.4698679879691694
165,347,1.81,2.442112098025399
164,344,1.93,2.210704161605369
164,324,1.62,2.02836813324689
164,346,2.19,2.479023589079329
164,326,1.89,2.2249999999999996
164,345,2.13,2.377426451709527
166,348,1.98,1.8072856981981982
166,349,1.37,2.804705882352941
166,350,1.83,1.7697856981981985
166,117,1.59,2.706666666666666
166,351,1.39,2.83
167,352,2.4,2.3604609797297296
167,353,1.93,2.24296097972973
167,22,2.65,2.4066522451655197
167,354,2.6,2.41046097972973
167,355,2.6,2.364259259259259
170,31,1.56,1.425833333333333
170,356,2.32,2.16885625
170,357,2.03,2.0963562500000004
170,358,2.31,2.16635625
170,59,2.72,2.365
171,359,2.45,2.3689284115725293
171,360,2.9,2.481428411572529
171,296,2.78,2.63
171,361,2.13,2.2889284115725292
171,362,2.77,2.9666763923440236
171,363,2.56,2.396428411572529
171,364,2.34,2.266445418474547
171,55,2.44,2.445428571428571
171,195,1.34,1.334571428571429
171,365,2.37,2.3489284115725293
168,366,1.81,1.9133662162162162
168,367,1.96,1.8402527027027027
168,368,1.56,1.8508662162162162
168,369,2.1,2.006252702702703
168,370,1.82,1.9158662162162161
174,371,1.68,1.7552412162162163
174,372,1.38,1.6802412162162164
174,369,2.18,1.880627702702703
174,367,1.49,1.7146277027027028
174,373,1.31,1.6627412162162163
2,58,2.58,2.652131071960482
2,2,3.24,3.3308333333333326
2,374,2.37,2.146151960784313
179,375,1.79,2.0048405405405405
179,376,2.38,2.1523405405405405
180,130,1.74,1.9699999999999998
180,377,1.68,1.8021162162162163
180,378,1.51,1.7596162162162163
180,379,2.0,1.7700000000000002
180,380,1.68,1.8021162162162163
181,381,2.45,2.525
181,382,2.5,2.4250000000000003
181,383,2.3,2.633919710038576
181,384,1.92,2.103207094594595
181,385,2.2,2.614574468085107
182,385,2.11,2.6100000000000003
182,46,1.89,2.485
182,6,1.8,2.501912329212603
182,386,2.08,2.0106707029163555
182,387,1.82,1.9456707029163551
183,383,2.25,2.855123966942149
183,214,2.23,2.9875000000000003
183,6,1.97,2.6002941176470586
183,388,1.68,2.475
183,389,1.69,1.8926912539869063
177,390,2.36,2.2216666666666662
177,391,1.97,2.0056410771065183
177,8,1.87,1.7502070548489665
177,392,1.77,1.9556410771065185
177,180,1.79,1.9283333333333337
151,393,1.8,1.9375652027027028
151,394,1.8,1.9541787162162163
151,395,1.61,1.9066787162162164
151,396,2.52,2.171565202702703
151,397,2.13,2.0366787162162163
184,398,1.31,1.7332177284427286
184,53,1.86,1.8509765511477039
184,399,2.19,1.9532177284427288
184,400,1.87,1.843843438474413
184,401,1.98,2.0178689909226724
24,195,1.64,2.0379057434964434
24,402,2.1,1.8725018675101734
24,42,2.51,3.2252151122620054
24,8,1.86,2.4572222222222226
29,403,2.64,2.156409684684685
178,404,2.42,2.197087837837838
178,405,2.89,2.3145878378378377
178,406,1.11,1.869587837837838
178,407,1.46,1.957087837837838
178,408,2.89,2.3145878378378377
188,409,2.08,1.9594056056056057
188,410,2.13,2.0105191191191194
188,411,1.82,1.933019119119119
188,412,1.8,1.9280191191191192
188,413,1.94,1.9236632632632633
189,414,2.03,1.9396857857857859
189,413,1.93,1.87782992992993
189,415,1.95,1.9196857857857859
189,416,1.65,1.8446857857857857
189,417,1.5,1.8071857857857858
189,409,1.88,1.9135722722722723
188,418,1.65,1.890519119119119
190,419,1.73,1.9503953953953954
190,413,1.91,1.9635395395395396
190,420,2.08,2.0378953953953958
190,421,2.1,2.0428953953953957
190,422,2.22,2.0728953953953955
190,423,1.92,1.9978953953953957
192,13,1.82,2.111111111111111
192,424,1.61,2.278888888888889
192,16,2.16,2.0431921171171172
192,425,2.26,2.1008813063063068
192,426,1.79,1.9833813063063064
191,427,2.38,2.1227563063063064
191,424,1.69,2.253888888888889
191,16,1.71,2.035067117117117
191,428,2.01,2.0302563063063066
191,13,1.87,2.0311111111111115
196,429,1.0,1.5892527027027026
196,430,1.88,1.8298662162162163
196,431,1.81,1.8123662162162162
196,432,1.78,1.8048662162162163
196,433,1.73,1.7432527027027027
197,434,2.2,2.245867694805195
197,47,2.63,2.6774528896627574
197,435,2.12,2.2258676948051948
197,168,2.41,2.3074101658476662
197,262,2.51,2.348775919088273
198,260,1.95,2.13984168212494
198,262,2.39,2.3286775428158046
198,436,2.17,2.158462605988342
198,58,2.25,2.5199724214158334
198,76,2.15,2.1066067501324857
71,437,1.98,1.95667795814448
38,438,1.58,1.843650337837838
38,439,1.91,1.9261503378378377
38,440,2.04,1.958650337837838
38,441,1.75,1.886150337837838
38,442,1.96,1.938650337837838
44,22,2.09,2.709076675083736
44,443,2.29,2.4720689655172414
44,227,2.12,2.1375
44,172,2.43,2.461265682994724
44,23,3.45,2.461253878586688
15,444,1.6,1.9393681318681322
15,22,1.95,2.3442414823998647
205,22,2.08,2.4861952861952865
205,445,2.78,2.3625791642185665
205,446,2.96,2.4075791642185664
205,290,2.19,1.9501620122796597
205,6,1.82,1.7770516934046345
207,447,1.83,3.2628571428571433
207,448,1.57,1.747875975975976
207,449,1.86,2.9
207,450,1.75,2.868624142117085
207,451,1.46,1.7203759759759762
208,295,1.84,2.4360317460317455
208,452,1.43,2.2196674686525983
208,13,1.76,2.2557346546702566
208,86,2.11,3.0562341489284606
208,453,2.25,2.9897619047619046
127,454,2.2,2.128197466216216
209,454,2.01,2.0580253378378375
211,454,1.94,2.040525337837838
210,454,1.79,2.0030253378378378
193,2,2.28,3.4101244904501593
33,290,2.31,3.054057894227913
33,48,1.39,1.92
33,455,2.72,3.6239999999999997
33,6,2.38,2.5948955519370323
33,456,2.28,2.794605005889638
33,457,2.08,2.0803266745005877
193,458,2.21,2.170678978978979
193,459,2.27,2.185678978978979
193,460,2.33,2.245
193,39,2.23,2.315
90,329,1.97,2.0733563218390803
90,198,2.34,2.0283563218390808
90,18,2.7,2.4752643678160915
90,126,2.73,2.3953563218390803
90,461,2.22,2.2906399211711714
20,23,2.54,3.4968191504845767
145,462,1.75,1.7149999999999999
145,8,1.75,2.0567733333333336
145,180,1.93,1.6753333333333338
169,6,2.65,1.656842105263158
169,463,2.08,2.229228826380729
169,22,1.96,2.076195286195285
169,349,2.61,1.7744075126623768
169,464,2.39,2.306728826380729
216,465,2.86,2.446775337837838
216,466,2.14,2.2667753378378377
216,467,2.68,2.401775337837838
216,468,2.68,2.401775337837838
216,469,1.9,2.2067753378378376
217,470,2.11,2.234900337837838
217,471,2.13,2.2399003378378377
217,472,2.13,2.2399003378378377
217,473,2.85,2.419900337837838
217,474,2.78,2.402400337837838
69,260,2.12,2.1947991732150003
69,26,2.19,2.8629418501051935
69,475,2.32,2.83
69,22,2.29,2.505778790453548
69,305,2.44,2.5771884293873635
56,22,2.14,1.8238613482349322
56,476,2.28,2.0830009273979866
56,477,1.78,1.9580009273979864
56,478,2.08,2.0330009273979868
56,195,1.29,1.2535714285714288
173,22,1.71,2.121036823059177
173,24,1.68,2.5306529117142844
173,58,1.73,2.5295978549705493
173,479,2.26,1.9271804550874407
173,262,2.0,2.182089310439748
125,29,1.55,1.5683333333333334
125,480,2.03,1.8956360521235522
125,444,1.92,1.7811070945945946
125,481,1.31,1.2916666666666667
125,482,1.54,1.7731360521235522
207,483,1.97,1.6607624624624626
212,58,2.43,2.462307692307693
212,484,2.55,2.397512380763116
212,485,3.02,2.88
212,450,2.33,2.0826927861501163
212,486,2.2,2.310012380763116
56,487,2.01,2.0155009273979867
172,22,1.73,1.9578350324982183
172,235,2.02,1.8839853584798567
172,58,1.85,2.160813938710373
172,6,2.09,2.253
172,8,1.98,1.787
218,488,2.08,2.132224533462034
218,489,1.65,2.0247245334620336
218,140,2.87,2.2956110199485202
218,80,2.28,2.263767004504505
218,332,2.11,2.096202010939511
145,490,1.65,1.8222390500794914
145,491,1.24,1.4946666666666661
219,462,1.64,2.255
219,492,2.32,2.127727027027027
219,493,2.08,2.0677270270270274
219,494,1.97,2.040227027027027
219,495,2.23,2.105227027027027
220,496,2.35,2.2470878378378383
220,497,2.38,2.254587837837838
220,498,2.44,2.2695878378378382
220,499,2.18,2.2045878378378383
220,500,2.14,2.194587837837838
52,501,2.05,2.122880027853941
221,502,1.85,1.9031304054054057
221,503,1.99,2.686666666666667
221,504,1.67,1.8581304054054055
221,457,1.7,1.886016891891892
221,485,2.32,3.1100000000000003
222,503,2.47,2.6799999999999997
222,280,2.31,2.6133333333333333
222,505,2.61,2.3082923423423427
222,506,1.58,2.0507923423423424
222,507,2.34,2.2407923423423424
224,80,2.33,2.6270689655172412
224,207,2.34,2.338805333011583
224,508,2.62,2.315120004826255
224,232,2.21,2.4870689655172415
224,22,2.25,2.40377370764924
225,509,2.65,2.399900337837838
225,510,2.29,2.309900337837838
225,511,2.53,2.369900337837838
225,512,2.43,2.344900337837838
225,513,2.42,2.342400337837838
227,514,2.3,2.133289527027027
227,515,1.43,1.915789527027027
227,516,2.18,2.103289527027027
227,517,2.12,2.088289527027027
227,518,2.34,2.1136760135135133
228,170,2.05,2.5521329381360385
228,519,2.21,2.1382895270270272
228,520,2.44,2.1957895270270273
228,521,2.07,2.103289527027027
228,522,1.99,2.083289527027027
163,343,2.28,2.9023160296491226
163,195,1.44,2.1269347238433385
163,222,1.55,2.0050000000000003
163,23,2.63,3.0008281483309154
163,523,1.76,2.068095238095238
42,42,2.47,2.6670040004373807
229,60,1.43,2.463920869567654
229,524,1.94,2.3485193927046595
229,525,1.6,1.8297786643786647
229,264,2.02,2.0633333333333335
229,526,2.09,2.2682863390402477
229,527,1.66,2.441323452846129
232,268,2.45,2.6378125
232,528,3.38,2.7255557432432433
157,209,2.04,2.3233333333333333
158,209,2.09,2.858688209562292
157,529,3.42,3.258709677419355
158,529,2.82,3.3451611846550904
158,530,1.87,2.031962274774775
157,55,2.71,2.8389015002879816
158,531,2.14,2.099462274774775
157,42,3.07,2.70267927806576
157,456,1.79,2.2952508445945945
158,456,1.8,2.079178490990991
233,532,2.24,2.0414628378378383
233,533,1.96,1.971462837837838
233,534,2.33,2.0639628378378383
57,347,1.95,1.9283333333333332
233,535,1.48,1.851462837837838
233,536,1.58,1.876462837837838
234,537,2.14,2.1273861003861003
234,538,2.5,2.2173861003861
234,539,1.95,2.0798861003861004
186,540,2.09,2.99
186,541,2.29,2.191315990990991
186,542,1.89,2.091315990990991
186,543,2.38,3.203333333333333
186,401,2.42,3.241666666666667
206,544,2.38,2.181311317567568
206,545,2.41,2.1888113175675676
206,22,2.25,2.3261952861952864
206,290,1.79,1.979055431995902
206,546,2.17,2.128811317567568
130,547,2.37,2.1101163288288287
29,290,1.5,1.9016447901474638
29,42,2.02,2.4297954707702187
29,548,1.82,1.9514096846846847
29,382,2.56,2.1977961711711713
99,18,2.36,2.2980000000000005
99,549,2.04,2.0809996621621623
99,550,2.21,2.05
99,159,1.91,1.9250000000000003
99,543,2.16,2.1449999999999996
235,24,2.61,3.0483333333333325
235,551,2.82,2.606719419419419
235,401,2.46,2.8887977670754488
235,552,3.02,2.65671941941942
235,553,3.09,2.674219419419419
235,554,2.81,2.6042194194194197
236,555,2.44,2.245212837837838
236,556,2.82,2.340212837837838
236,557,2.23,2.192712837837838
236,558,2.46,2.250212837837838
236,559,1.28,1.955212837837838
127,560,2.33,2.1897312500000004
131,561,1.55,2.1547545795795795
131,562,1.87,1.974943768768769
237,22,1.77,2.3460287533329174
237,563,2.46,2.2192109797297297
237,564,1.59,2.00171097972973
237,565,2.48,2.2242109797297296
237,566,2.7,2.2095974662162163
201,71,2.47,2.4557581859908737
131,71,2.12,2.557747072599531
201,567,2.32,2.143030930930931
201,568,1.28,1.883030930930931
131,569,2.12,2.4856646286575765
201,175,2.26,2.5419223577431267
131,175,2.33,2.7699876469416216
201,570,1.95,2.050530930930931
127,571,2.2,2.15723125
127,572,2.25,2.16973125
127,518,1.99,2.1626177364864865
239,291,1.93,1.8892171937174715
238,230,2.22,2.1463629504504507
239,86,2.34,2.5970754716981137
238,172,2.36,2.068746200642026
238,86,2.56,2.4450000000000003
239,475,2.03,2.0792133033925895
238,573,1.16,1.810976463963964
238,574,1.96,2.010976463963964
239,575,2.24,2.1207870495495498
239,447,2.44,2.371370238100075
240,576,2.0,2.0949003378378377
240,577,2.22,2.149900337837838
240,578,2.17,2.137400337837838
240,579,2.07,2.1124003378378378
240,580,2.34,2.1799003378378377
241,581,2.52,2.252087837837838
241,582,1.74,2.057087837837838
241,583,2.22,2.177087837837838
241,584,2.67,2.2895878378378383
241,585,1.94,2.107087837837838
130,586,1.78,1.9697073198198198
130,587,1.92,1.9907298423423427
130,588,1.94,1.9957298423423426
130,589,1.92,1.9907298423423427
242,217,1.34,2.4577449279257015
242,46,2.22,2.2828870049703385
242,71,1.7,2.3827526654453406
242,265,1.44,2.0420383797310544
242,218,2.0,2.185714285714286
243,547,2.18,2.2221760135135136
243,590,2.64,2.282789527027027
243,591,2.34,2.207789527027027
243,592,1.72,2.052789527027027
243,593,2.29,2.195289527027027
244,594,2.25,2.1079684684684685
244,595,1.79,1.9929684684684685
244,586,2.19,2.004445945945946
244,596,1.71,1.969445945945946
244,597,2.21,2.0979684684684687
232,598,2.17,2.4230557432432436
232,599,3.17,2.6730557432432436
232,600,2.87,2.5980557432432434
247,601,1.84,2.508252803452658
247,602,2.22,2.61
247,603,2.6,3.1316435771323077
247,604,2.27,2.986351755817648
247,605,2.22,2.849382255731033
246,601,1.81,2.5251788072714634
246,602,1.91,2.8099999999999996
246,603,2.38,3.1269902285924736
246,604,2.41,3.021610754185529
246,605,1.98,2.9177897598309923
245,601,1.7,2.6553343606212847
245,602,1.95,2.71
245,603,2.15,3.20246322125475
245,604,2.07,3.1020374899968224
245,605,1.78,2.9659384911921793
234,606,2.06,2.1073861003861003
248,607,2.73,2.515525337837838
248,608,2.67,2.5005253378378383
248,609,2.72,2.513025337837838
248,610,2.43,2.440525337837838
248,611,2.79,2.530525337837838
249,612,2.35,2.359587837837838
249,613,2.98,2.517087837837838
249,614,2.54,2.407087837837838
249,615,2.54,2.407087837837838
249,616,2.28,2.342087837837838
250,177,1.89,2.1131953199523053
252,617,1.98,1.9567753378378379
252,618,1.66,1.876775337837838
252,619,1.55,1.849275337837838
252,620,1.93,1.9442753378378381
252,621,2.26,2.026775337837838
255,561,2.73,2.1382631756756756
255,569,1.57,2.301274241368982
255,622,1.93,1.9734523648648652
255,623,1.42,1.845952364864865
255,624,2.04,2.525
34,400,2.11,2.1249999999999996
34,625,2.24,2.183191019184498
34,626,2.18,2.1681910191844977
34,627,1.91,2.1006910191844974
34,628,2.45,2.2356910191844976
256,561,2.71,2.2150131756756757
256,629,1.78,2.012702364864865
256,169,2.13,2.1210888513513515
256,624,2.06,2.401923076923077
256,630,1.81,2.020202364864865
250,388,2.22,2.0230769230769226
250,22,2.31,2.1764119828243462
250,58,2.35,2.5469230769230777
250,631,2.15,2.139308833465819
257,6,2.56,2.317953216374269
257,51,2.06,2.264722222222222
257,632,2.14,2.2537933832169768
257,540,2.33,2.3377777777777777
257,8,2.18,2.0518803418803415
258,633,2.43,2.279275337837838
258,634,1.96,2.1617753378378377
258,635,2.78,2.366775337837838
258,636,2.47,2.2892753378378377
258,637,1.98,2.1667753378378376
253,638,2.4,3.096727575154733
253,94,2.13,2.7387916666666667
253,639,2.37,2.228146509009009
253,640,2.19,2.183146509009009
253,641,2.28,2.205646509009009
59,642,1.47,1.9415881946881948
254,94,2.27,2.5091666666666668
254,643,2.11,2.2054106981981985
254,95,2.18,2.4502692012898653
254,644,2.54,2.3129106981981984
254,638,2.57,2.897530454244033
80,645,2.5,2.199611486486486
80,90,1.71,1.9769222972972973
80,646,2.54,2.2096114864864864
80,647,1.96,2.0646114864864864
80,648,1.84,2.0346114864864866
144,649,1.95,2.16
144,650,1.88,2.0991787162162163
144,651,2.74,2.3141787162162166
144,652,2.0,2.129178716216216
144,653,2.65,2.3425652027027026
262,654,2.29,2.2596724960254373
262,655,1.7,2.1121724960254373
262,656,3.28,2.5071724960254373
262,123,2.78,2.444429252782194
262,195,1.36,1.6842384737678855
14,657,2.02,1.9144880860452291
14,658,1.72,1.839488086045229
14,400,1.95,1.5349999999999997
14,659,1.56,1.9750000000000003
263,660,1.84,2.0211020270270272
263,215,2.25,1.9664885135135135
263,661,1.93,2.043602027027027
263,662,2.14,2.096102027027027
263,663,2.07,2.078602027027027
34,22,2.35,3.1679310344827587
34,6,2.28,3.0079620977966175
34,18,2.26,3.2900000000000005
34,664,2.13,2.1556910191844976
34,172,2.18,3.1219842793776245
43,665,2.49,2.3871068540131044
43,172,2.55,2.6556578947368417
43,31,2.23,2.4399435028248595
43,46,2.46,2.2073527925118572
43,666,2.42,2.3696068540131043
264,132,1.82,1.8486239864864866
264,667,1.9,1.8413131756756758
264,668,1.05,1.6288131756756759
264,669,2.04,2.32
264,670,1.47,1.7338131756756758
265,132,2.45,2.0037631756756755
265,671,1.79,1.968952364864865
265,133,2.21,3.2899999999999996
265,669,1.62,2.4
265,672,1.86,1.986452364864865
267,586,1.89,1.989909009009009
267,433,1.74,1.9143180180180182
267,429,1.7,1.760318018018018
267,673,2.14,2.0659315315315316
267,674,2.3,2.1059315315315317
266,675,2.89,2.368025337837838
266,676,2.23,2.203025337837838
266,677,1.96,2.135525337837838
266,678,1.62,2.050525337837838
266,679,2.64,2.305525337837838
223,680,2.63,2.3001891891891892
223,681,2.48,2.262689189189189
223,682,2.3,2.2176891891891892
223,683,2.09,2.165189189189189
223,684,1.96,2.1326891891891893
223,685,2.04,2.1526891891891893
107,168,2.02,2.6849999999999996
107,686,2.05,1.9850436776061777
107,10,2.18,2.4900000000000007
107,687,1.73,1.9050436776061777
271,51,2.43,2.9847135601344887
271,304,1.91,2.746458244231432
272,402,0.12,0.9877737715179694
270,390,2.53,2.0502825883575886
272,46,1.8,0.9499999999999998
272,217,2.0,1.0742857142857138
271,48,1.43,1.8849041666666666
270,109,1.4,2.154
272,67,2.15,1.836
271,455,2.54,3.6601915053843017
270,688,1.71,1.810396101871102
272,689,0.8,1.4221003094878095
270,690,1.97,1.8753961018711018
271,290,2.35,3.3298663643856594
270,67,1.27,1.6360000000000001
273,58,3.6,2.082280564387917
273,691,1.23,1.730949880763116
273,374,0.84,1.54
273,139,2.69,1.9899999999999998
273,692,0.61,1.5759498807631163
89,693,2.05,2.733921184335993
274,483,1.11,1.13
274,694,1.77,1.6833131756756758
274,695,1.8,1.6908131756756757
274,43,1.16,1.1400000000000001
274,696,1.19,1.5383131756756758
89,180,2.23,2.701918024984276
89,491,1.8,2.335965402002524
104,447,2.65,3.071962096475554
104,180,2.45,2.610481975963361
104,693,2.16,2.6255845347714724
104,491,1.55,2.2195515023381005
276,697,1.46,1.8183152027027027
276,698,1.8,1.7849287162162164
276,115,2.23,1.776315202702703
276,699,1.33,1.6674287162162162
276,700,1.21,1.6374287162162164
277,697,2.51,2.155972466216216
277,701,2.43,2.28008597972973
277,22,2.64,2.260214358108108
277,702,2.04,2.18258597972973
277,703,1.72,2.1025859797297297
279,704,2.28,2.5566666666666666
279,110,2.55,2.9000000000000004
279,23,2.73,3.289597715313712
279,443,1.58,4.0920689655172415
279,456,2.16,2.815987307011332
278,705,1.44,2.423333333333333
278,22,2.86,2.520010980282217
278,704,1.46,2.671544406499054
278,6,2.11,2.6308421052631576
278,290,2.47,2.4227506775067758
280,298,1.72,1.7700082957957959
280,706,1.84,1.804008295795796
280,71,1.74,1.609047619047619
281,707,1.53,2.0012554054054057
280,175,1.74,2.770952380952381
280,708,2.2,2.0046218093093096
281,709,2.53,2.2512554054054057
281,71,1.81,2.9397142857142855
281,710,2.51,2.246255405405406
281,711,2.71,2.2962554054054056
283,712,1.7,1.777164527027027
283,713,1.37,1.694664527027027
283,714,1.65,1.764664527027027
283,706,1.46,1.7015510135135135
283,715,2.01,1.8546645270270272
284,716,2.27,1.964587837837838
284,717,2.36,1.987087837837838
284,718,1.59,1.794587837837838
284,719,1.53,1.779587837837838
284,720,0.94,1.632087837837838
282,53,2.18,2.6235721782489616
282,80,2.19,2.367068965517241
282,23,2.71,2.696235632183908
282,31,2.47,2.000444036092059
282,28,2.03,2.439666666666667
285,721,0.97,1.8572996353496354
286,268,2.37,3.0375
286,722,2.55,2.8699999999999997
286,723,2.37,2.9660179992529487
286,724,2.78,3.1
286,725,2.49,3.113088833105068
287,725,2.79,2.83442616627239
287,268,2.46,2.6425
287,722,2.48,2.8599999999999994
287,723,2.42,2.4914970001245083
287,724,2.57,2.95
288,726,2.01,2.226873503861004
288,727,2.51,2.351873503861004
288,728,2.02,2.229373503861004
288,158,3.15,2.5700000000000003
288,449,2.36,2.3899999999999997
289,379,2.07,2.1293671332046333
289,452,1.38,1.848951689189189
289,729,2.33,2.2084806467181473
289,730,2.67,2.293480646718147
289,731,2.5,2.250980646718147
290,732,2.54,2.230837837837838
290,733,2.35,2.183337837837838
290,734,2.3,2.170837837837838
290,735,1.82,2.050837837837838
290,736,1.8,2.045837837837838
291,53,2.37,2.9241666666666664
291,737,1.76,2.164277252252252
292,24,2.95,2.752004308928542
292,47,2.54,2.8477354796391574
292,23,2.8,3.1218115315154193
292,329,2.51,2.295874210157276
292,523,1.33,2.0133154586404585
293,24,3.05,3.025213390566488
293,47,2.4,3.026359016078789
293,23,2.67,3.282493123282041
293,329,1.59,2.463152064390037
293,523,1.91,1.9495654586404587
291,738,2.11,2.082390765765766
291,739,2.24,2.2158333333333333
291,393,1.92,1.9882772522522525
296,125,2.63,2.9347774261077544
296,740,2.85,2.4456265390390395
296,290,2.58,2.8592513368983963
296,741,1.56,2.1231265390390393
296,82,2.59,2.3381344839160842
297,168,2.33,2.445
297,742,2.22,2.2182378407009393
297,10,2.33,2.25
297,743,2.18,2.185870366795367
297,744,2.08,2.160870366795367
305,334,2.03,1.3499999999999996
303,745,2.25,2.118602027027027
305,51,1.43,1.5785042735042736
305,47,2.53,2.3575
303,746,2.23,2.113602027027027
305,23,2.71,2.444803221256983
305,704,2.49,2.066666666666667
303,747,2.62,2.211102027027027
303,748,2.36,2.1461020270270272
303,355,1.13,1.9914885135135136
308,276,1.41,1.5905000861155274
307,22,2.01,2.6645916666636795
307,126,2.1,2.562
308,42,2.23,2.05105820655166
309,172,2.32,3.072173224992752
308,8,1.26,1.6318803418803416
307,290,2.05,2.0754114252567053
309,23,3.2,3.046025316997362
308,742,1.8,1.599246779933504
309,227,1.19,2.3775000000000004
308,749,1.4,1.6811135996290407
309,750,2.58,2.351479311454312
307,67,2.24,2.019043840956341
309,443,2.95,2.8020689655172415
300,6,2.22,2.6407486631016046
307,751,2.11,2.0632829261954266
306,58,2.07,2.925081951873342
300,362,2.55,2.3710463180571875
306,752,2.39,2.2228857398364754
310,753,2.15,2.266462837837838
300,754,2.02,2.1226598315707013
89,447,2.53,3.1871726141579755
329,447,2.66,3.2861027718117803
329,129,2.69,3.2646780606340493
329,491,1.66,2.4488161450746553
329,180,1.92,2.7648971206993065
329,693,2.38,2.815232383087672
285,447,2.87,3.1092012439348573
285,129,2.6,3.170278167908891
285,491,1.64,2.246494342869154
285,180,2.5,2.640563667088876
285,693,2.31,2.629266662021158
339,290,2.66,2.711116392198867
339,292,2.02,2.7839481395181527
339,755,2.44,2.9166538908887394
339,756,2.6,3.029771243496604
339,757,2.5,2.8907023706698243
340,290,2.33,2.6727025184759987
340,292,1.99,2.7839481395181527
318,67,2.06,2.55357074529749
340,755,2.31,2.908321621701927
318,13,1.12,1.662168735286756
340,757,2.15,2.8361106300903156
340,756,2.35,2.9962065353683216
318,329,1.58,1.6083709587939738
318,56,1.45,1.7488417937002676
310,758,1.72,2.158962837837838
318,759,1.78,1.7063527781902783
310,760,3.02,2.4839628378378382
310,761,2.26,2.2939628378378383
310,762,3.08,2.4989628378378383
317,67,2.32,2.5369786418168707
317,13,1.2,1.6198230256051915
317,329,1.87,1.5776912511460603
317,56,1.45,1.6848513088143373
317,759,1.44,1.7426027781902782
41,22,2.16,2.452325217203673
41,444,2.17,2.3758860180131633
41,18,2.38,2.6676660735468576
41,763,1.9,2.3313655955869854
41,475,2.12,2.582093163944344
315,18,2.32,3.0875000000000004
315,764,1.6,1.883709602784603
315,765,2.08,2.0037096027846033
315,47,2.13,2.9774999999999996
338,136,2.72,2.4421418918918922
338,766,2.3,2.2177554054054056
315,280,1.93,1.8158333333333334
335,60,1.96,2.514078260878704
335,527,1.92,2.4365264346013635
316,767,1.47,1.726178874643277
338,381,2.66,2.354141891891892
335,6,1.62,2.716842105263158
316,6,1.96,2.5521287942986306
335,526,2.23,2.6846288155313824
338,768,2.2,2.1927554054054057
316,22,2.04,2.800593047246957
316,769,1.22,2.25742668255657
335,524,1.83,2.5456158679134466
338,739,1.72,2.3758333333333335
316,460,1.9,2.6270689655172417
336,524,2.02,2.4220717639143716
336,526,1.97,2.656657706346702
336,60,1.94,2.451393913054445
336,527,2.06,2.424764472118815
336,6,2.0,2.6218421052631578
341,770,2.48,2.2004282094594596
341,454,2.44,2.1013944256756756
341,771,1.97,2.0729282094594597
341,43,1.45,1.8477390202702701
341,772,2.06,2.0954282094594596
344,137,1.95,2.3099999999999996
344,773,2.74,2.334491216216217
344,396,2.37,2.0100000000000007
344,774,2.13,2.1819912162162165
344,775,2.5,2.2744912162162163
342,203,1.8,2.149920697086779
342,172,1.89,2.5093390387991463
342,776,2.06,1.991904954954955
342,206,1.99,2.3866666666666667
342,777,1.95,2.3866666666666667
343,778,2.31,2.1466256756756756
343,206,1.93,2.2628838193126115
343,777,2.11,2.2181622148949742
343,779,2.26,2.134125675675676
343,780,1.9,2.0441256756756756
306,781,2.56,2.265385739836475
306,769,1.76,2.590807123910572
306,293,2.43,2.190772226322962
275,305,2.39,2.7551146857101796
275,782,2.31,2.3430963200595554
275,26,2.56,2.8488268312788816
275,58,2.58,2.7650256203231103
275,125,2.85,2.9064668829992195
156,783,2.23,2.0273861003861002
156,784,1.81,1.9223861003861005
156,219,1.72,2.0
156,785,1.69,1.8923861003861007
156,786,2.15,2.0073861003861
320,769,2.06,2.25742668255657
320,400,2.61,2.7267233881868087
320,787,2.3,2.3137094433719434
320,763,2.56,2.556286367361378
320,53,2.33,2.4327465483234714
334,290,2.34,3.0396673448962073
334,5,1.9,2.6744022429796304
334,51,2.38,2.6258943457767034
334,456,2.3,2.7185320827216612
334,769,2.45,2.6949022429796305
312,453,2.43,2.8379969653258703
312,364,1.78,2.047170061132561
312,13,1.74,2.164538748008808
312,596,1.84,2.5102980353465716
312,452,1.71,2.130937004168469
313,452,1.7,1.976000831691073
313,596,2.1,2.4064369032954116
313,453,1.94,2.717072088796261
313,705,2.0,2.2214369032954107
313,13,1.69,2.05169071876349
260,788,2.21,2.1588520270270273
260,789,2.14,2.141352027027027
260,653,2.47,2.3197385135135136
260,790,1.72,2.0363520270270272
260,791,2.51,2.2338520270270275
259,792,2.02,2.063723648648649
259,262,1.84,2.095939864864865
259,347,2.12,2.0210344594594596
259,649,1.99,2.0361101351351354
259,793,2.43,2.166223648648649
322,794,1.66,1.815837837837838
322,795,1.64,1.8108378378378378
322,796,1.95,1.888337837837838
322,797,1.99,1.8983378378378377
322,798,1.49,1.773337837837838
319,332,1.65,2.7290476190476194
319,217,2.1,2.8509523809523807
319,799,1.43,1.8302936936936938
319,800,1.77,1.915293693693694
319,119,2.53,2.8637142857142863
326,801,2.04,2.650057912092708
326,802,1.56,2.1613580839432065
326,803,2.39,2.070116216216216
326,804,1.65,1.8851162162162163
326,805,1.99,1.9701162162162162
328,540,1.75,1.503281160892071
328,806,1.28,1.5651674575503514
328,529,2.4,2.3965181179926183
328,807,1.79,1.773342454954955
328,180,1.56,2.1104761904761906
327,351,2.55,2.4433333333333334
327,447,2.33,2.77952380952381
327,117,2.32,2.4266666666666667
327,808,2.12,2.144953265765766
327,809,1.78,2.2423397522522523
314,810,2.33,2.7156939003361065
325,801,2.53,2.461666666666667
325,802,1.98,1.9291666666666667
349,274,2.3,2.631990490061421
349,214,2.41,2.8457280748227536
349,197,1.8,2.2417816583811465
349,811,2.26,2.5487045082824737
349,8,2.15,2.1801590518984346
348,811,2.03,2.769818676927394
348,197,1.38,2.354927983927106
348,180,2.1,1.929011612820804
348,8,1.5,2.3243143527966947
348,214,2.28,3.0433749779060886
314,195,1.5,2.308032486806363
314,42,2.5,3.264737406035424
314,550,1.71,2.0750355590885006
314,119,2.47,2.4402222222222227
350,810,2.0,2.6716009543537957
350,8,2.2,2.3393926068163085
350,42,2.47,3.0240118362560318
350,195,1.33,2.230111978477885
350,481,1.5,1.7306822701578595
311,122,2.51,3.120017666270672
311,123,2.59,2.2267097851109576
311,66,3.03,2.9669230769230768
311,812,1.81,2.5853701781875658
311,813,2.24,2.651947618572947
88,812,2.46,2.552822042663675
88,813,2.26,2.584023970661063
261,814,2.31,2.131150337837838
261,815,2.68,2.2236503378378383
261,816,1.78,1.998650337837838
261,817,2.08,2.0736503378378384
261,818,1.51,1.9311503378378378
332,122,2.55,2.797850811989377
332,66,2.61,2.8546153846153848
332,123,2.42,2.2267097851109576
332,812,2.46,2.4539326941027926
332,813,2.35,2.298493788303928
226,819,2.05,2.0314628378378377
226,820,2.23,2.0764628378378376
226,821,2.25,2.0814628378378375
226,822,2.05,2.0314628378378377
226,823,1.41,1.871462837837838
346,737,2.84,2.9449999999999994
346,693,1.3,2.2938650337837836
346,659,2.76,2.8350000000000004
346,806,2.66,2.54
346,809,2.91,2.422785304054054
347,824,2.43,2.358889864864865
347,825,2.72,2.431389864864865
347,24,2.81,2.5444736486486486
347,826,2.37,2.343889864864865
347,827,2.26,2.316389864864865
194,828,1.41,1.9140679054054055
194,829,2.64,2.255
194,830,2.02,1.635
194,831,2.44,2.171567905405406
194,832,1.66,1.942954391891892
333,833,1.74,1.8736645270270271
333,834,1.75,1.8060510135135135
333,835,2.26,2.0036645270270275
333,836,1.26,1.753664527027027
333,837,2.03,1.9461645270270271
353,838,1.56,1.8695878378378379
353,839,1.86,1.944587837837838
353,840,2.48,2.099587837837838
353,841,1.6,1.8795878378378381
353,842,2.07,1.9970878378378378
352,296,2.58,2.957123477776892
352,266,2.58,2.644971325597213
352,217,2.8,2.306403516539383
352,843,2.31,2.3776660714285716
352,844,2.52,2.4301660714285718
200,829,2.07,3.195
200,832,1.8,1.804204391891892
200,845,1.95,1.9103179054054056
200,830,1.34,2.4650000000000003
200,846,1.9,1.8978179054054054
356,847,2.48,2.207400337837838
356,848,1.6,1.987400337837838
356,849,1.78,2.032400337837838
356,850,2.67,2.2549003378378383
356,851,2.19,2.134900337837838
357,852,2.01,2.001775337837838
357,853,2.14,2.0342753378378378
357,854,2.06,2.0142753378378377
357,855,1.65,1.9117753378378377
357,856,1.92,1.979275337837838
345,857,1.15,1.7211503378378379
345,858,2.34,2.0186503378378378
345,859,1.84,1.8936503378378382
345,860,1.8,1.883650337837838
345,861,1.95,1.921150337837838
57,18,2.3,2.6399999999999997
57,125,2.32,2.308120265151515
57,862,1.8,1.9320890726861315
57,566,1.88,2.2583333333333333
57,119,1.91,2.0809340277777784
359,863,1.8,1.876150337837838
359,864,1.8,1.876150337837838
359,865,1.8,1.876150337837838
359,866,1.8,1.876150337837838
359,867,1.8,1.876150337837838
358,868,1.8,1.876150337837838
358,869,1.8,1.876150337837838
358,870,1.8,1.876150337837838
358,871,1.8,1.876150337837838
358,872,1.8,1.876150337837838
325,873,1.92,2.0575356981981985
325,874,2.31,2.155035698198198
325,1,1.47,1.7912500000000002
360,875,2.07,2.1093216216216217
360,201,2.42,2.1132081081081084
360,876,1.94,2.091208108108108
361,876,2.11,1.9768558558558558
361,877,1.66,1.8924693693693695
361,878,1.8,1.9274693693693694
362,834,1.64,1.4308333333333332
362,879,1.24,1.6941748873873876
362,880,2.1,1.9091748873873877
362,53,1.87,1.9741666666666664
362,881,1.78,1.8291748873873876
363,6,1.84,2.651842105263158
363,763,1.69,2.3800201808201487
363,444,1.72,2.2410366473641345
363,227,1.51,2.433157894736842
363,29,1.73,2.393157894736842
